{
 "timestamp": 1624477210445228300,
 "topic": "/front_center/left/preview",
 "msg": {
  "camera_meta": {
   "serial_number": "2006P000009",
   "camera_name": "front_center",
   "left_intrinsics": {
    "height": 512,
    "width": 1024,
    "k": [
     656.8118656,
     0,
     511.70261184,
     0,
     583.8327694222222,
     257.44388835555554,
     0,
     0,
     1
    ],
    "d": [
     5.908896535,
     3.945203494,
     -0.0001797882402,
     0.0000946513077,
     0.2677285646,
     6.324755885,
     6.328654954,
     1.402642117
    ]
   },
   "right_intrinsics": {
    "height": 512,
    "width": 1024,
    "k": [
     656.9742469333332,
     0,
     511.19351983999996,
     0,
     583.9771083851851,
     255.3320654696296,
     0,
     0,
     1
    ],
    "d": [
     8.156360092,
     4.946913187,
     -0.0001007033838,
     -0.0001149124474,
     0.3154803331,
     8.573878692,
     8.25802151,
     1.685356351
    ]
   },
   "stereo_extrinsics": {
    "t": [
     -0.2001742097,
     -0.0002987208726,
     0.0001145233711
    ],
    "r": [
     0.9999864728,
     -0.003829441478,
     -0.003519876344,
     0.003811073668,
     0.9999791641,
     -0.005210289068,
     0.003539755501,
     0.005196804079,
     0.9999802315
    ],
    "r_rodrigues": [
     0,
     0,
     0
    ]
   },
   "tractor_extrinsics": {
    "t": [
     0,
     0,
     0
    ],
    "r": [
     0,
     0,
     0,
     0,
     0,
     0,
     0,
     0,
     0
    ],
    "r_rodrigues": [
     0,
     0,
     0
    ]
   },
   "e": [
    0,
    0,
    0,
    0,
    0,
    0,
    0,
    0,
    0
   ],
   "f": [
    0,
    0,
    0,
    0,
    0,
    0,
    0,
    0,
    0,
    0,
    0,
    0
   ],
   "r1": [
    0.9999888578243592,
    -0.002340138277337442,
    -0.004099753648269491,
    0.0023294712660245354,
    0.999993894499948,
    -0.002604712354127904,
    0.004105824004304728,
    0.0025951330736439368,
    0.9999882036772112
   ],
   "r2": [
    0.9999987228562999,
    0.0014923025875324047,
    -0.000572117781792776,
    -0.001490810077175438,
    0.9999955078036636,
    0.0026003572459968776,
    0.0005759957315740829,
    -0.0025995010060125747,
    0.9999964554054364
   ],
   "p1": [
    541.608313843026,
    0,
    513.8514633178711,
    0,
    0,
    541.608313843026,
    256.23262786865234,
    0,
    0,
    0,
    1,
    0
   ],
   "p2": [
    541.608313843026,
    0,
    513.8514633178711,
    -108.41615465348622,
    0,
    541.608313843026,
    256.23262786865234,
    0,
    0,
    0,
    1,
    0
   ],
   "q": [
    1,
    0,
    0,
    -513.8514633178711,
    0,
    1,
    0,
    -256.23262786865234,
    0,
    0,
    0,
    541.608313843026,
    0,
    0,
    4.995642167664818,
    0
   ],
   "left_roi": {
    "x_offset": 0,
    "y_offset": 0,
    "height": 512,
    "width": 1024,
    "do_rectify": false
   },
   "right_roi": {
    "x_offset": 0,
    "y_offset": 0,
    "height": 512,
    "width": 1024,
    "do_rectify": false
   },
   "left_exposure": 0.16815555555555556,
   "right_exposure": 0.16815555555555556,
   "left_gain": 1,
   "right_gain": 1,
   "extra": "",
   "left_histogram": {
    "full_histogram": [],
    "small_histogram": []
   },
   "right_histogram": {
    "full_histogram": [],
    "small_histogram": []
   }
  },
  "descriptor": {
   "id": 260337995000,
   "timestamp": 1624477210445228300,
   "seq": 566,
   "node": "jupiter_io"
  },
  "image": {
   "header": {
    "stamp": {
     "sec": 0,
     "nanosec": 0
    },
    "frame_id": ""
   },
   "height": 256,
   "width": 512,
   "encoding": "rgb8",
   "is_bigendian": 0,
   "step": 1536,
   "data": [
   
   ]
  }
 },
 "type": {
  "module": "jupiter_msgs.msg._image",
  "class": "Image"
 }
}